Island_Group,Capacity_Weighted_Age_Years
Luzon,19.873150636185716
Mindanao,22.57103391824832
Visayas,16.572513047603984
