Island_Group,Capacity_Weighted_Age_Years
Luzon,19.89286383988804
Mindanao,22.57103391824832
Visayas,16.509773260359655
